"id","miles"
"501",13.8404953529828
"503",43.0251026520446
"508",23.6564415622848
"511",37.0899412558704
"512",14.2386474522530
"514",7.87800360358267
"523",91.314466837736
"527",12.0006239492130
"531",18.1305756822998
"534",37.1999666887589
"535",40.0099122372411
"536",73.7760247856027
"538",39.4696704555899
"539",33.1968499692006
"543",79.6141201564048
"800",7.22628218905827
"803",81.5098275412091
"804",33.7781410367038
"901",52.9979789524764
"905",73.834157514745
"906",51.6873748261231
"907",5.00373368108770
"908",60.2151559125008
"1000",94.0964110531118
"1001",143.258245052649
"1002",141.381516821394
"1003",90.2308401138883
"1004",84.0666907197653
"1005",37.239416851924
"1006",10.8603684957925
"1008",136.452419839694
"1009",103.081462283968
"1011",22.6609466548739
"1012",31.3137206154659
"1013",51.7259057178111
"1014",42.4950404763781
"1015",18.2060855049123
"1016",40.5877638825405
"1017",29.6368515852193
"1018",163.848524435396
"1019",144.159616170780
"1021",39.4749964311948
"1023",76.3176529249314
"1024",34.3710487016598
"1025",35.977532162897
"1026",110.774626944832
"1027",28.5105264223586
"1028",58.9023166150527
"1030",165.827551636207
"1031",80.946652821042
"1032",28.007989902846
"1033",34.5867516047988
"1034",67.7041857782655
"1035",119.605638626056
"1036",14.8985415200953
"1037",25.1080276245879
"1038",75.4022039509339
"1039",123.343961054163
"1040",117.910684146438
"1041",121.287157079318
"1042",153.890487158788
"1043",99.7062591326214
"1046",121.266867478267
"1047",28.7851647614635
"1049",65.8282923601595
"1050",94.4297895951723
"1052",15.4650702922404
"1053",154.952436076780
"1055",137.966499395036
"1057",112.766528739529
"1058",142.476366112649
"1059",114.082377274243
"1060",212.935347167210
"1063",21.4524423794131
"1064",89.2597124453733
"1065",140.160643333998
"1066",7.6678723592966
"1067",5.98004838976932
"1069",129.697793697947
"1071",107.013586093787
"1073",8.19613652977963
"1076",19.1895515825012
"1077",96.3187940186495
"1079",32.2287145482299
"1080",59.585212740319
"1081",96.5166679691873
"1082",36.799584034743
"1083",105.346650073780
"1085",13.8897085906034
"1086",101.598822534751
"1087",3.9010114622331
"1088",126.756405199395
"1089",150.161430675226
"1090",24.5770823782927
"1091",149.971934845106
"1092",21.1712698117326
"1093",8.65065705823296
"1095",29.0216416490465
"1096",13.6215872559446
"1097",21.0946330567901
"1100",23.6394908389587
"1102",11.9835355313364
"1103",19.8390049557110
"1104",164.605633377291
"1105",22.3840402546682
"1106",121.235416338067
"1107",26.6626747961315
"1108",13.2925877170146
"1109",54.9218147887955
"1110",125.321626895635
"1112",29.6063799217040
"1113",15.7500308339888
"1114",8.65348903100198
"1115",161.383519611366
"1116",147.381784787252
"1117",16.3067439361835
"1118",102.171820747738
"1119",97.7517686687672
"1120",145.814710960987
"1121",131.810360992932
"1122",146.386515309382
"1123",10.1470327440115
"1124",12.6885557818345
"1125",54.3958892928991
"1126",19.2337978585238
"1127",54.6277643480155
"1128",41.4790893371342
"1129",40.0984867317801
"1130",190.051936096513
"1131",165.050155658541
"1132",73.6305496752636
"1133",146.555120951811
"1134",141.335034348707
"1136",14.9851273743213
"1138",135.834099951449
"1139",15.4413490983453
"1142",4.13367265481544
"1143",101.159673450495
"1144",17.9449876452618
"1146",14.9353151282601
"1147",198.427665936517
"1148",216.267439340534
"1149",15.7318383239376
"1153",185.846695138558
"1154",19.0511603873079
"1156",131.554567199280
"1157",20.4127841127621
"1158",45.3670951017041
"1159",13.0981047689861
"1160",49.1596350011703
"1161",105.798483902942
"1162",126.5454278463
"1163",14.7811720798192
"1166",9.42138607435563
"1167",36.3109500199744
"1168",92.8327193128407
"1169",108.987079171987
"1170",18.3482794784983
"1171",177.37010617166
"1172",7.46205519486847
"1173",104.760555499013
"1176",129.674000615851
"1177",125.166501223814
"1181",122.961568939129
"1183",18.492401492961
"1184",131.142567607253
"1185",36.7000152614504
"1186",23.8127252788279
"1187",34.8454396008893
"1188",163.643343409291
"1190",92.3385455567598
"1192",132.119215247884
"1193",85.4741464900052
"1194",205.665254951796
"1195",36.0510640938722
"1196",71.2148455235558
"1197",32.1242163830004
"1198",18.3529129869992
"1199",116.383396024016
"1202",102.031753953089
"1203",137.185647954463
"1205",142.784053574768
"1206",192.09724680891
"1209",13.7370756920638
"1210",12.658100055671
"1212",46.1617518630047
"1213",17.2123460071592
"1214",66.6038102505055
"1215",3.04972708144389
"1216",110.643125486647
"1217",184.350950350481
"1218",204.160725747948
"1219",25.1076669245948
"1220",70.738247272126
"1221",134.602503969270
"1222",133.824750317571
"1223",22.0909359075847
"1225",34.1475441387085
"1227",78.0992746088563
"1228",19.1210600307768
"1229",164.353492874171
"1230",49.4717669937057
"1231",137.362706044152
"1232",163.288396577806
"1233",38.0638856277939
"1234",153.043953899626
"1235",19.1449875729888
"1236",191.468380080595
"1238",192.028869180416
"1239",136.338191445312
"1240",133.818579526088
"1241",62.5335046534221
"1242",107.049323537314
"1243",127.183747644907
"1244",89.2678406094727
"1246",31.9139631726923
"1247",7.6419583935393
"1248",22.3289783800302
"1249",15.1492832028848
"1252",47.1123257721972
"1253",101.329441758018
"1254",11.3289337755408
"1257",18.9912535245831
"1259",176.312754743242
"1260",59.3490154394234
"1261",185.748366589620
"1262",96.2495311243536
"1263",25.5846813333363
"1264",160.349462808823
"1267",23.4210274100151
"1269",141.434805145037
"1271",178.420234167727
"1274",24.9401913247066
"1275",22.1461411685836
"1277",18.2932684916711
"1278",100.879960947003
"1279",2.89398456754632
"1280",59.2451175878497
"1281",143.069523017639
"1282",34.1087355087358
"1283",50.6343763161206
"1284",22.9054107241847
"1287",54.3569543783996
"1288",135.897275274108
"1289",46.8049802305396
"1290",19.6894916366765
"1291",188.287562368523
"1293",42.1407339257586
"1294",41.3027336915356
"1295",125.108665069651
"1298",47.4576402298937
"1300",229.113109247069
"1304",26.7376860515228
"1306",33.1696046265258
"1308",3.46632395061583
"1310",129.318813535895
"1311",29.4496247344877
"1312",16.5617210076512
"1313",10.8669998879196
"1315",13.8269344833343
"1316",26.3858956859496
"1317",13.2450320341097
"1318",36.2507837689971
"1319",3.54449416490045
"1320",28.1536983104882
"1321",104.488099474253
"1322",28.4196387680385
"1325",157.753649148459
"1326",131.634953608192
"1327",194.407364753024
"1328",19.2803825721492
"1329",150.940894366432
"1330",21.0135254902064
"1331",52.360330875645
"1332",52.1814974603916
"1333",136.515319459416
"1336",152.014623337441
"1337",183.329151228747
"1339",51.4221183607943
"1340",99.7237569833413
"1341",64.9766159304684
"1342",7.55117655852431
"1343",132.757571707699
"1344",16.3599206094319
"1346",102.079378171547
"1347",31.1649501526344
"1348",69.8093181071151
"1349",0.792959991911154
"1350",50.9295188463127
"1352",17.0043161866936
"1353",69.5935578486652
"1354",197.713739007302
"1355",57.542139792968
"1357",49.5626007421869
"1358",11.4006500635936
"1360",13.2681231158358
"1363",57.0865236306379
"1366",103.262074025786
"1367",158.640625777369
"1368",98.315934949494
"1369",25.6227598268450
"1372",84.4110678026401
"1373",58.0926042004462
"1375",64.776214812141
"1376",8.97528142184638
"1378",20.8500945903419
"1379",121.146094918182
"1381",67.3856357438975
"1385",29.444393127323
"1386",20.5478843890233
"1387",115.911625965967
"1388",13.0485727841538
"1389",96.0110822596421
"1390",24.8513956956516
"1392",25.6970493139446
"1393",23.3402795572768
"1394",59.1223030188741
"1395",37.6863036966097
"1396",36.2056775147480
"1397",7.73403112714107
"1398",36.5511597188956
"1399",52.8470112334047
"1400",29.5460073401741
"1401",20.6156475648397
"1402",44.8716079379629
"1403",7.78144467304358
"1405",49.8092021753233
"1406",20.4708173420485
"1407",8.5925520463446
"1409",34.4966247760512
"1410",58.6299698058783
"1411",62.282340852317
"1412",22.5877522891358
"1413",119.534961327366
"1417",9.95235402060226
"1418",47.7307550440198
"1419",21.1111797929462
"1422",83.4137523053318
"1423",26.7236061537752
"1424",108.010698811179
"1425",142.12459242819
"1426",20.6452473134758
"1427",28.2162957542896
"1430",8.37807961217263
"1431",105.658216967668
"1432",97.502889479197
"1433",157.347524647834
"1434",184.721311851476
"1435",146.169855934017
"1436",76.5724034313037
"1437",8.38353920759649
"1438",106.981184237214
"1440",116.277985149227
"1441",52.0244774297247
"1442",59.9354672316076
"1444",31.9142244921768
"1445",24.4517217106829
"1446",59.7682279921545
"1447",69.6772225085574
"1449",23.9206955676457
"1450",20.1635377312033
"1452",143.003589996194
"1455",175.145901929260
"1456",91.0943457525638
"1457",144.949832308692
"1458",101.157586659989
"1459",59.979060816325
"1461",127.445775917585
"1463",178.336531607008
"1467",18.1635116066136
"1468",4.29385321906775
"1469",24.7036258863635
"1470",8.17740478703178
"1473",128.999617726824
"1474",165.397477391714
"1475",164.224648682518
"1476",21.2321947618962
"1477",121.975893948855
"1478",77.2205768168844
"1479",69.5888987748794
"1480",36.0634128354974
"1481",78.4641946876317
"1483",28.3448694399357
"1485",66.4302536875228
"1487",114.688636845690
"1488",81.1209440643657
"1489",72.5842586204648
"1491",128.657858682230
"1492",112.986326280958
"1493",18.7465823664770
"1494",77.8148698575824
"1497",124.300647996724
"1499",188.040251753443
"1501",48.8302247055622
"1502",38.4987551159235
"1503",63.8238330168442
"1504",71.0819139215432
"1505",26.8860747285511
"1506",169.913741680201
"1507",109.568665129564
"1508",84.990192861195
"1509",36.4437736988022
"1510",77.0546251459372
"1511",111.614148618069
"1512",67.4277440022481
"1515",40.9378438359353
"1516",36.1921193786865
"1520",59.5146238829305
"1522",133.059544548003
"1523",67.3362749029601
"1524",84.9135481938204
"1525",129.293571757567
"1526",87.5663323428776
"1527",91.8678756009319
"1528",112.371974143200
"1529",83.1200077430343
"1530",11.2554877713414
"1531",130.203708294021
"1532",12.5690197240791
"1533",11.5059395275213
"1534",121.311961919180
"1537",160.203591519427
"1540",19.4300737277551
"1541",32.820470808613
"1542",203.581605902365
"1543",173.625580048313
"1544",117.685934772364
"1547",105.023298967532
"1548",221.082692951505
"1550",23.9133770426427
"1552",191.4180182115
"1554",147.627788106666
"1555",139.727768339017
"1556",146.396185390627
"1557",126.716875217744
"1558",93.783723014127
"1559",66.9154433633804
"1564",104.429914936795
"1565",69.0519164387551
"1566",117.910096596883
"1568",19.3556709354370
"1569",15.0659654349036
"1570",166.550326768257
"1572",48.6340210375298
"1578",110.731621762392
"1579",134.473440334935
"1580",122.048909314665
"1581",100.179919430870
"1582",43.4743479737443
"1584",28.2042322979314
"1585",31.720974066078
"1587",39.523902201878
"1588",108.308831510792
"1590",125.737851583241
"1593",14.4682278279496
"1596",119.046022014811
"1598",42.6329285473239
"1599",96.0058767151746
"1600",144.416995101114
"1602",20.1181312658594
"1604",48.4615924454146
"1605",23.2648577386465
"1608",150.587802696393
"1609",58.9005233885689
"1610",215.952331565455
"1611",32.4513071456035
"1612",43.8934873539982
"1613",122.155803025403
"1614",12.1175998505278
"1615",9.33848141669013
"1616",30.3037673904080
"1617",83.5838903780647
"1621",24.5093925994356
"1622",126.877039711561
"1623",70.458131311421
"1625",8.33172958821222
"1627",44.0173146194884
"1628",16.7635778938981
"1629",33.2205618666676
"1630",63.2338056731309
"1632",121.880983780171
"1635",8.92393824734213
"1636",95.0521725398383
"1637",26.3341253947842
"1639",126.068777431857
"1641",124.296446458079
"1642",167.577956688070
"1643",114.218876625994
"1644",124.534023074826
"1645",25.9824764937589
"1646",134.795673020550
"1647",116.834295641667
"1648",143.184279494898
"1650",69.9110631762544
"1651",82.5193170562909
"1653",25.4166020526257
"1654",40.3310216353941
"1656",101.686116452032
"1658",40.2082204365117
"1660",50.0620700656235
"1661",58.7653052880357
"1662",1.46140133527356
"1664",26.4613611834123
"1665",66.4279246192609
"1667",117.740864666719
"1668",167.608138807307
"1670",32.4027280071849
"1671",22.9754021125801
"1672",24.9785594474247
"1673",133.229494696820
"1674",22.3280897545829
"1675",70.7279385285703
"1677",149.417914551180
"1678",10.8704665740489
"1679",17.4934512241267
"1680",81.999954664595
"1681",24.9218147065996
"1682",23.2751362651328
"1684",120.407313581875
"1685",18.3765965142191
"1686",9.80188153614893
"1687",121.642091136104
"1688",114.124485205733
"1690",162.540933220721
"1691",173.428016373706
"1692",10.8529102631548
"1694",78.6590614756627
"1697",19.8237022799329
"1699",17.1246867042254
"1702",104.491663783475
"1704",169.151526503128
"1705",14.8995842598917
"1706",17.5975251239728
"1707",43.4858701480866
"1709",144.375264312065
"1710",62.2966070551362
"1711",169.189904514136
"1712",16.93194158605
"1713",172.462754692459
"1715",98.3192418872364
"1716",11.6151564595843
"1718",17.2050549201472
"1719",174.483018445055
"1721",14.1172352460027
"1724",49.4296617161042
"1725",25.4573141225781
"1726",88.5409075237726
"1727",119.805090061972
"1729",93.0857375719356
"1731",106.077800189721
"1732",134.100902029823
"1733",103.912672245034
"1735",111.515496628564
"1737",60.8847630346355
"1738",128.154758407987
"1739",168.308100861503
"1741",102.878042764297
"1742",33.8898301436258
"1743",172.539820378452
"1745",207.037759888161
"1747",64.2674306085461
"1748",134.692032357180
"1752",10.0346588258573
"1753",151.454428724846
"1754",37.9544178435063
"1755",31.1527849395117
"1756",13.3238588199193
"1757",101.677198882526
"1758",37.3677687791853
"1759",34.8611884778661
"1760",55.888128623148
"1761",4.61132417693913
"1762",23.3190638627114
"1764",81.712702570535
"1765",48.015243346162
"1766",24.3140110278972
"1767",64.4400726260863
"1768",95.9135219548036
"1769",4.72855471788274
"1771",42.6968192667262
"1772",25.2031584697866
"1773",147.949090880157
"1774",17.4204197770118
"1775",45.974094397971
"1776",6.25225118523604
"1777",28.4956304901523
"1779",71.7530222587416
"1780",32.3881777822183
"1781",34.6423675288564
"1782",17.4093756097044
"1783",39.5025505969417
"1784",14.5928366263538
"1785",30.0362392888825
"1786",16.8413715996549
"1787",17.4229030007201
"1788",21.7158276832444
"1789",50.7752784271745
"1790",28.5382694279287
"1791",23.7516068600655
"1794",83.3144786771475
"1797",28.5521129510535
"1799",91.4895426443485
"1800",140.951577105709
"1801",122.161552420455
"1802",85.9764103038942
"1803",64.5716074978778
"1804",79.8017687044037
"1805",95.3938532755343
"1808",190.325263943836
"1809",180.319961958013
"1810",139.521996434712
"1811",188.689120190661
"1812",204.453288127561
"1813",79.2768582920291
"1815",54.1032496259994
"1816",58.6228869577724
"1817",22.7370043163220
"1818",60.7267054892604
"1819",46.6702071485310
"1820",38.3252471714712
"1821",197.921863418584
"1822",38.0973286297615
"1823",80.410434666697
"1824",53.9483617758387
"1825",172.166232421422
"1826",55.2812049566538
"1827",94.5527784137194
"1829",105.704709211816
"1830",30.8136761498575
"1831",46.1940882100119
"1832",112.667914730793
"1833",103.727894869265
"1835",97.1008791023301
"1837",54.1805165996716
"1838",88.8872190520957
"1841",43.5736022697103
"1842",83.3349495051333
"1843",45.6179115840559
"1844",42.8090274666375
"1846",111.750584805843
"1849",16.5397127696617
"1850",45.49290708164
"1852",122.737399797467
"1853",33.8888906504177
"1854",44.7274519720102
"1855",41.9295202743245
"1857",38.1700039292931
"1860",145.636511896888
"1861",115.959133911849
"1862",55.6176579655976
"1864",16.8022718903669
"1865",20.1032555810792
"1866",49.648951753532
"1867",48.3302509127772
"1869",34.1968246438923
"1870",24.6019284785866
"1874",22.7944676775574
"1877",51.712931603946
"1878",167.155090622714
"1879",24.4085213665015
"1880",141.095113378977
"1881",30.1400566274301
"1882",40.6202369773666
"1883",61.1178745165463
"1885",49.1501875800654
"1886",10.199443321427
"1887",40.6784630096256
"1888",138.900630646807
"1889",58.4657267728144
"1890",19.0056212642358
"1891",12.4627776672534
"1893",39.5554764993956
"1895",55.0828685556917
"1898",105.897576207617
"1899",118.939812936089
"1900",53.3407730488895
"1901",9.37752974240785
"1904",19.3368676928098
"1905",62.3326226786655
"1906",164.067903893017
"1907",19.7380715137040
"1908",38.2730612276552
"1910",23.5976898006922
"1911",67.4248680976109
"1913",83.4544117202271
"1916",101.52027608283
"1918",105.414073752404
"1919",45.1400916887127
"1920",80.4912818260299
"1921",21.0147084325218
"1922",9.88844757493598
"1923",10.7922317065792
"1925",13.2008654547669
"1927",119.464166145643
"1928",64.2938690888387
"1929",38.8548704027403
"1930",27.4166780589214
"1931",66.4117226390973
"1932",8.12788897734079
"1934",10.0532246303959
"1935",40.0882057554241
"1936",63.0567912532254
"1938",186.502424074734
"1939",19.2093904798297
"1941",54.5011006761803
"1942",91.2038424985726
"1945",13.9063724211484
"1946",18.0945217458627
"1947",18.3120414851788
"1951",27.8412713070722
"1953",31.574841640767
"1954",131.727014045487
"1959",139.721271112253
"1960",167.054533304382
"1965",30.0423602894663
"1969",44.150032137046
"1972",25.9184631528787
"1973",61.4930372158134
"1974",119.503701470811
"1975",15.8116553937471
"1976",121.616467330844
"1977",75.6445070168743
"1978",48.2707704921593
"1979",64.7699543330956
"1982",38.8106737592063
"1983",224.892750632662
"1984",115.009770230577
"1985",38.8059202309635
"1986",89.8279399377207
"1987",13.7174437906653
"1988",32.5339793581132
"1989",172.278397936992
"1990",154.126993772488
"1991",32.2269685486331
"1992",48.3029213769175
"1994",166.459898425694
"1998",60.0948316973829
"1999",150.013919229854
"2000",38.0991822363688
"2001",44.8593239784855
"2002",121.901933392960
"2003",64.3963508096537
"2004",81.4479435870008
"2005",89.481600990607
"2006",233.491088746987
"2007",125.943538468469
"2008",9.184637715004
"2010",89.2562668871184
"2011",24.770162664389
"2012",39.4007596279396
"2014",59.1924925778078
"2016",207.514578370013
"2017",76.6316673716232
"2019",37.7541842808415
"2020",75.990425247526
"2021",153.543587946573
"2022",135.764646103577
"2025",10.0115365636589
"2026",223.490537614147
"2027",90.8847478528621
"2028",28.2151189789367
"2029",16.2418863839601
"4000",37.9458510862307
"4002",16.3950133557010
"4003",28.0595101776805
"4006",29.7771480112108
"4007",1.05453883036399
"4008",58.3543729654556
"4009",24.6059868918370
"4010",15.8051798348077
"4011",36.6052876070011
"4016",20.3825348519
"4017",21.1737500163403
"4018",36.3260065463042
"4019",35.9900434677573
"4020",39.8808317454902
"4022",32.7862912239331
"4023",22.9170914252249
"4024",21.6804372268146
"4026",35.922241558324
"4027",5.86566192400878
"4029",2.23389149147931
"4030",47.2283956361898
"4032",9.5748188859235
"4034",15.3029509720052
"4038",28.9949408197302
"4039",27.6487575574302
"4040",23.0111565421569
"4041",20.5604587083893
"4043",23.1845509885529
"4045",44.7458711335579
"4046",20.7480319274416
"4047",34.0083922301187
"4049",34.3428044269638
"4050",26.6292311460389
"4051",34.5039543833591
"4052",35.5618164410357
"4056",22.092699263478
"4057",1.10547747137832
"4059",35.083358203408
"4060",92.7485415668587
"4061",21.9329950723972
"4063",47.1237474034124
"4068",79.1324725767409
"4070",90.8019267060996
"4071",130.857077597294
"4072",110.366435395532
"4074",24.3787250503130
"4076",92.1096245844686
"4078",81.8482006324552
"4079",74.0909538754425
"4080",103.54959186784
"4082",111.607012104844
"4084",74.6867506909043
"4088",107.368845430006
"4090",57.0406093476089
"4091",77.5673115828935
"4092",21.4335412511170
"4096",19.4857352455556
"4103",13.8434079690481
"4104",103.535257704858
"4105",104.448377471944
"4107",14.418598885399
"4109",33.6786208953482
"4110",46.3124072904362
"4111",36.5956677618803
"4114",22.0103433844244
"4115",52.4736715914753
"4117",67.5035761005347
"4120",56.7318042503739
"4122",14.7061119692340
"4124",36.4091102333158
"4125",45.5316505264552
"4126",35.2843223834507
"4127",21.4908690983464
"4128",11.7626318784212
"4130",37.2742446003032
"4133",64.3794954894785
"4135",65.3899946405564
"4136",37.6926616773121
"4137",45.8737243352201
"4138",41.2784805613547
"4139",58.0849584805864
"4141",10.2876642847871
"4142",28.4050331096229
"4143",51.5282179096848
"4145",48.0788909429831
"4146",52.2471122838104
"4147",28.1891465650932
"4148",20.9307791294497
"4150",44.0272027929868
"4152",4.79327568864615
"4153",27.2896115052631
"4154",38.3399195532202
"4156",26.1440116509283
"4159",31.7880327649359
"4160",6.96535005457343
"4161",65.1679712957913
"4164",22.1807257272852
"4168",23.0629631307740
"4169",5.75800726868552
"4170",48.5522261358425
"4173",24.1852527292965
"4176",43.5583903828298
"4177",17.2400251870114
"4179",21.3132377380292
"4180",31.2285095823052
"4181",20.7975764146949
"4183",27.6334533606763
"4184",46.8581264846264
"4186",21.7663853656225
"4187",25.7606050897892
"4188",30.3511677665505
"4189",63.2594109014927
"4190",57.3270691028888
"4193",59.2060574627432
"4196",40.9738686547424
"4197",47.1646973395762
"4198",37.5941614379422
"4201",54.5198344826783
"4202",35.5127212683578
"4203",17.1539627684141
"4206",46.1605880689488
"6400",22.4800530295491
"6401",20.8535846011536
"6404",116.830263462949
"6405",10.6349961876146
"6407",134.493513527665
"6408",0.51849690477367
"6410",78.620152483905
"6411",60.1350068121887
"6412",143.946126947041
"6413",121.243915421189
"6415",15.3082004708576
"6416",33.9922238216455
"6417",6.59100294159023
"6421",145.076883830661
"6422",60.7555374793273
"6423",94.9324364091356
"6424",21.5621963710700
"6425",121.023770192664
"6426",59.7224965874725
"6427",174.856293208867
"6428",50.8913905226078
"6429",10.9501822492168
"6431",34.0045581592118
"6432",135.729495414408
"6433",35.4242687054878
"6435",68.8334867195206
"6438",155.568830727060
"6439",67.3503711965729
"6440",9.77225901901177
"6442",19.8885932773435
"6444",56.0810728836026
"6446",4.34769340002186
"6447",26.8002570726056
"6449",128.526559868047
"6450",179.275503753257
"6452",18.4847553750851
"6454",20.3572938299277
"6455",16.8367169064796
"6456",13.9968054726351
"6457",180.734407199862
"6458",13.2071838814872
"6459",31.8848271884372
"6460",71.2651969109485
"6461",26.5131177105650
"6463",31.3492825999512
"6464",78.844146548709
"6465",21.0579410661622
"6466",25.2100147413527
"6467",147.585518576073
"6468",116.687309432994
"6469",18.0397035885605
"6470",166.078032758323
"6471",9.07813623575998
"6476",87.2665094165577
"6477",30.1164625021358
"6480",26.532757848219
"6481",87.2969030868948
"6482",31.1930724372695
"6483",4.35937235550484
"6485",17.6389534258545
"6486",50.1596292393747
"6489",127.056139303133
"6491",99.6341286598834
"6495",18.3355513797052
"6496",44.2105488007433
"6497",152.029750171060
"6499",88.329567052152
"6500",134.211934408629
"6501",125.941065982480
"6502",18.8094699922616
"6503",21.3787610245587
"6504",14.9289671447432
"6505",74.566464707203
"6506",151.182782972913
"6507",15.2402132963106
"6509",15.6914161008316
"6510",71.546196109881
"6511",25.6529037254026
"6513",140.833031206459
"6514",125.202132784322
"6515",10.4797386342850
"6517",84.4050531438544
"6519",32.8744451202924
"6520",38.3523840136215
"6521",83.8299938011167
"6522",40.9704812944674
"6523",155.707226754006
"6524",20.9609005306852
"6525",97.5232417492949
"6526",69.9392236233322
"6532",108.833181702748
"6533",107.804219366338
"6535",19.0524747377311
"6536",15.3285794021386
"6537",39.0222283700239
"6538",96.0879907514495
"6539",38.6940918744443
"6540",2.59298191088124
"6541",58.2329765364943
"6542",124.884204011000
"6543",76.4695699432403
"6545",44.0611182405848
"6546",9.7675336004505
"6547",136.914157821589
"6550",51.7619584366769
"6551",20.4266478370859
"6553",111.888175363940
"6554",14.9750344583931
"6556",3.8827375736038
"6557",71.6588803619768
"6558",7.69360544669727
"6559",132.077565530171
"6560",44.1725652984572
"6561",26.1766124515479
"6563",144.621722729873
"6564",19.1897388313777
"6565",1.97445762933893
"6566",51.0130939038213
"6567",92.3459383628328
"6569",14.2785633945332
"6570",49.4799677414539
"6575",27.2129971136166
"6576",107.190166748257
"6577",27.7056448886237
"6578",30.5928358720064
"6579",153.752398697954
"6580",69.3904721687758
"6581",22.0789882857233
"6582",99.5166258353424
"6587",76.449224409029
"6588",111.903757662675
"6589",20.6830664895894
"6590",91.4793534632097
"6591",35.3627332077914
"6592",48.1160888380435
"6593",53.803679043998
"6594",15.5608726270570
"6596",67.2790866453525
"6597",102.101462830662
"6598",140.220300538883
"6599",49.9833968089867
"6600",184.701996372823
"6601",47.1886585042397
"6602",11.1292940497127
"6604",13.1211614666097
"6607",57.62803392041
"6608",30.7064570131465
"6611",17.5269760346442
"6613",108.448768699329
"6614",7.74591820626481
"6615",6.54360981716447
"6616",208.081582434248
"6617",44.2968398681965
"6618",112.184951090110
"6620",16.4003147051733
"6621",12.1284920743153
"6623",2.16409863233144
"6624",29.9997589290576
"6625",98.0073875077116
"6626",37.3172339745831
"6627",46.2527678886924
"6629",73.9404565393922
"6630",2.04504503954747
"6632",4.28166870109282
"6633",14.9916302451145
"6634",36.424086132838
"6635",36.7441273482245
"6637",6.35878395159086
"6638",18.2982410165722
"6639",10.6631392122400
"6640",19.5885485329219
"6641",23.2937655772089
"6643",30.9626412194242
"6644",12.606488055328
"6645",75.1546391375967
"6647",32.0000243817445
"6648",30.6667087772931
"6649",8.7559445351504
"6650",87.2351132665678
"6652",2.10774912999598
"6654",117.390522187913
"6656",17.7983333551605
"6659",3.04894229843238
"6660",6.4098201472009
"6661",44.0714213658223
"6662",19.8145770853370
"6663",45.9487318930077
"6664",12.4209360685953
"6665",63.2384569428497
"6666",2.08299450173211
"6667",33.588472816878
"6668",150.724961036168
"6669",38.5831471978116
"6670",57.8564572406291
"6671",59.880144166579
"6672",53.4931891948024
"6673",12.7484112549328
"6674",12.0371325047636
"6675",16.2766196730657
"6676",133.337584213103
"6679",33.0017436482828
"6680",28.6557462307897
"6681",21.228839654582
"6682",26.9838891929260
"6683",4.19006919911585
"6684",3.18361804083467
"6685",69.5065483480974
"6689",11.8439889737460
"6690",10.7224063658684
"6692",15.6382007461351
"6697",8.36448382607254
"6698",6.71199427188739
"6700",55.5954942610121
"6701",6.12369160417221
"6702",7.2384995234113
"6704",2.12848726973078
"6705",15.3810116285931
"6711",145.557265732520
"6712",26.8178640748183
"6714",20.5237281628967
"6715",66.3594787565368
"6720",182.274888983000
"6721",79.180277959973
"6723",57.8379670913705
"6727",97.5847318860052
"6728",189.645288674361
"6729",201.593688897839
"6731",195.652811531051
"6733",64.8913343252471
"6734",166.107972633816
"6735",67.0567024501119
"6736",114.171054276032
"6737",92.4396310049245
"6739",144.930629342888
"6740",33.5253999318398
"6742",21.5451419521352
"6743",120.902723261915
"6744",137.252782760788
"6747",121.086036100503
"6748",147.633662455598
"6749",140.104633098294
"6750",152.363754284245
"6751",134.940980766583
"6753",136.596566835551
"6754",47.6803237149035
"6755",130.005892131613
"6756",124.886769031882
"6759",6.34081687440078
"6760",90.2234230590519
"6761",95.503713033092
"6762",179.492812547158
"6763",106.335841606763
"6765",134.222130183705
"6766",35.3353720889317
"6767",36.7583795079393
"6768",124.062377098779
"6769",136.420740975101
"6770",121.069110866870
"6771",46.4856057442777
"6772",186.230392048109
"6774",35.3975915424050
"6775",61.6223305739979
"6776",120.988921636053
"6777",47.0743358281552
"6778",52.9590304016916
"6779",1.14718248005289
"6780",59.4665199635152
"6781",131.492928540724
"6782",109.495850133340
"6784",45.6459136785366
"6786",84.6288865336651
"6787",84.7181796444754
"6789",105.722389321561
"6790",150.919739539293
"6792",54.6402066980446
"6793",69.3181620462061
"6794",158.664371777288
"6795",128.870697358957
"6796",202.135130925370
"6798",162.262165090326
"6799",136.468377800259
"6800",45.0526386927839
"6801",94.331796948325
"6802",152.975114444342
"6803",145.106336489316
"6804",114.647822405589
"6805",210.615484645799
"6808",122.471509365072
"6810",82.3964707402403
"6811",8.412741238775
"6812",33.2796058282853
"6813",32.7999384910737
"6814",183.325597867544
"6815",95.6097447075017
"6817",40.3635501626511
"6818",30.8650144938884
"6820",79.308329904069
"6822",117.521850613544
"6824",35.7616737540649
"6827",33.7499586985374
"6828",47.2265395029283
"6829",206.009635508543
"6830",112.348541702123
"6831",120.43672007751
"6833",157.540165465361
"6835",154.590729842402
"6837",155.577248285783
"6838",107.886501391422
"6839",136.424035902162
"6840",72.0194258540997
"6843",28.3582993247811
"6844",134.125944587558
"6845",31.0306898283323
"6846",102.949059760372
"6849",65.8478919089905
"6850",17.0698516775610
"6851",100.324605083514
"6852",103.712983595377
"6853",39.1545655442932
"6854",52.049721923699
"6855",40.4517103560920
"6856",140.200007428131
"6857",108.129868998275
"6858",34.034372188074
"6859",99.5651879362346
"6860",100.970347006186
"6861",114.362756011278
"6862",106.928786177308
"6863",32.6344556038734
"6864",52.8748503191847
"6865",86.1677148852647
"6866",110.098482340498
"6868",26.4703401076927
"6869",42.8642562524036
"6870",158.615871503821
"6871",150.100343955881
"6872",35.5484120447024
"6875",87.6779425823379
"6876",36.9937158215192
"6877",21.7234251026003
"6878",101.320873440033
"6879",37.6715246562324
"6880",132.276886387077
"6881",118.467888783275
